title,company,industry,sector,country,salary_min,salary_max,skills_extracted_list
Healthcare Data Scientist,University of Maryland Medical System 3.4,Health Care Services & Hospitals,Healthcare,,63000.0,112000.0,
Data Scientist,KnowBe4 4.8,Security Services,Business,,80000.0,90000.0,
Data Scientist,PNNL 3.8,Energy,Energy,,56000.0,97000.0,
Data Scientist,Affinity Solutions 2.9,Business Services,Business,,86000.0,143000.0,
Data Scientist,CyrusOne 3.4,Real Estate,Real Estate,,71000.0,119000.0,
Data Scientist,ClearOne Advantage 4.1,Finance,Finance,,54000.0,93000.0,
Data Scientist,Logic20/20 3.8,Business Services,Business,,86000.0,142000.0,
Research Scientist,Rochester Regional Health 3.3,Health Care Services & Hospitals,Healthcare,,38000.0,84000.0,
Data Scientist,<intent> 4.6,Information Technology,Information Technology,,120000.0,160000.0,
Data Scientist,Wish 3.5,Other Retail Stores,Retail,,126000.0,201000.0,
Data Scientist,ManTech 4.1,Business Services,Business,,64000.0,106000.0,
Staff Data Scientist - Technology,Walmart 3.2,"Department, Clothing, & Shoe Stores",Retail,,106000.0,172000.0,
Data Analyst,Yesler 4.1,Business Services,Business,,46000.0,85000.0,
Data Scientist,Takeda Pharmaceuticals 3.7,Biotechnology,Biotechnology,,83000.0,144000.0,
Data Engineer I,Audible 3.6,Media,Media,,102000.0,190000.0,
"Scientist I/II, Biology",Blueprint Medicines 3.9,Biotechnology,Biotechnology,,67000.0,137000.0,
Customer Data Scientist,h2o.ai 4.3,Information Technology,Information Technology,,118000.0,189000.0,
Data Scientist - Health Data Analytics,Nuna 4.2,Information Technology,Information Technology,,110000.0,175000.0,
Data Scientist,Pinnacol Assurance 4.0,Insurance,Insurance,,64000.0,111000.0,
Data Scientist,Porch 3.2,Information Technology,Information Technology,,81000.0,130000.0,
Senior Data Scientist / Machine Learning,Health IQ 3.9,Insurance,Insurance,,73000.0,119000.0,
Data Scientist - Quantitative,Truckstop.com 3.8,Transportation & Logistics,Transportation & Logistics,,86000.0,139000.0,
Data Scientist,SMC 3 4.3,Transportation & Logistics,Transportation & Logistics,,63000.0,105000.0,
Data Scientist,Novetta 4.0,Information Technology,Information Technology,,109000.0,177000.0,
Digital Health Data Scientist,Pfizer 4.0,Biotechnology,Biotechnology,,63000.0,110000.0,
Data Scientist,First Tech Federal Credit Union 3.5,Finance,Finance,,75000.0,124000.0,
Associate Data Analyst,The Hanover Insurance Group 3.7,Insurance,Insurance,,34000.0,61000.0,
Clinical Data Scientist,Pfizer 4.0,Biotechnology,Biotechnology,,63000.0,105000.0,
Data Scientist,Amrock 3.6,Real Estate,Real Estate,,72000.0,120000.0,
Data Scientist / Machine Learning Expert,Novartis 3.8,Biotechnology,Biotechnology,,86000.0,143000.0,
Data Scientist,Juniper Networks 3.8,Telecommunications,Telecommunications,,93000.0,149000.0,
Data Scientist,New England Biolabs 4.7,Biotechnology,Biotechnology,,85000.0,140000.0,
Web Data Analyst,Clarity Insights 4.2,Information Technology,Information Technology,,77000.0,135000.0,
Data Scientist,Esri 3.5,Information Technology,Information Technology,,82000.0,132000.0,
Data Scientist,Systems & Technology Research 4.7,Aerospace & Defense,Aerospace & Defense,,83000.0,137000.0,
Senior Data Scientist,Sartorius 3.5,Biotechnology,Biotechnology,,115000.0,180000.0,
Data Engineer,Lancer Insurance 3.5,Insurance,Insurance,,74000.0,138000.0,
Data Analyst,Sauce Labs 4.2,Information Technology,Information Technology,,64000.0,112000.0,
Data Scientist - Algorithms & Inference,Nuna 4.2,Information Technology,Information Technology,,110000.0,175000.0,
Scientist,Edgewell Personal Care 3.4,Consumer Products,Manufacturing,,52000.0,113000.0,
Senior Data Scientist,Equity Residential 4.3,Real Estate,Real Estate,,110000.0,150000.0,
Data Scientist,BPA Services 5.0,Information Technology,Information Technology,,150000.0,160000.0,
Lead Data Scientist,Visa Inc. 3.7,Information Technology,Information Technology,,158000.0,211000.0,
Associate Data Analyst,Intrado 3.1,Information Technology,Information Technology,,20000.0,39000.0,
Spectral Scientist/Engineer,Centauri 4.7,Aerospace & Defense,Aerospace & Defense,,56000.0,117000.0,
College Hire - Data Scientist - Open to December 2019 Graduates,Caterpillar 3.7,Manufacturing,Manufacturing,,63000.0,99000.0,
Data Scientist,Zimmerman Advertising 3.8,Business Services,Business,,68000.0,114000.0,
"Data Scientist, Office of Data Science",Liberty Mutual Insurance 3.3,Insurance,Insurance,,86000.0,143000.0,
Data Science Analyst,"Torch Technologies, Inc. 4.6",Aerospace & Defense,Aerospace & Defense,,41000.0,95000.0,
Data Scientist,Swiss Re 3.7,Insurance,Insurance,,86000.0,144000.0,
Data Scientist,Northrop Grumman 3.7,Aerospace & Defense,Aerospace & Defense,,80000.0,139000.0,
Data Scientist,Sartorius 3.5,Biotechnology,Biotechnology,,56000.0,95000.0,
Data Scientist,Netskope 4.1,Information Technology,Information Technology,,120000.0,189000.0,
Data Scientist,1904labs 4.7,Information Technology,Information Technology,,111000.0,176000.0,
Senior Data Scientist,The David J. Joseph Company 4.4,Mining & Metals,Mining & Metals,,82000.0,132000.0,
Data Scientist,USEReady 4.3,Business Services,Business,,84000.0,146000.0,
Senior Risk Data Scientist,Bill.com 3.8,Financial Transaction Processing,Finance,,107000.0,172000.0,
Data Scientist in Artificial Intelligence Early Career,Pacific Northwest National Laboratory 3.8,Energy,Energy,,49000.0,85000.0,
Data Scientist,DICK'S Sporting Goods - Corporate 3.8,Sporting Goods Stores,Retail,,61000.0,109000.0,
Data Scientist,Berg Health 2.8,Biotechnology,Biotechnology,,88000.0,148000.0,
Data Scientist,Oversight Systems 4.7,Information Technology,Information Technology,,60000.0,99000.0,
Data Scientist - Research,C Space 3.1,Business Services,Business,,41000.0,72000.0,
Data Scientist,"Numeric, LLC 3.2",Business Services,Business,,96000.0,161000.0,
R&D Data Analysis Scientist,HP Inc. 4.0,Information Technology,Information Technology,,65000.0,130000.0,
Analytics Consultant,SpringML 4.4,Information Technology,Information Technology,,52000.0,81000.0,
"Director, Data Science",Grainger 3.6,Business Services,Business,,139000.0,220000.0,
Scientist,EAG Laboratories 2.7,Business Services,Business,,50000.0,102000.0,
Data Scientist SR,The Buffalo Group 3.9,Information Technology,Information Technology,,85000.0,139000.0,
Data Scientist,Carmeuse 3.1,Mining & Metals,Mining & Metals,,74000.0,122000.0,
R&D Sr Data Scientist,HP Inc. 4.0,Information Technology,Information Technology,,99000.0,157000.0,
Customer Data Scientist/Sales Engineer (Bay,h2o.ai 4.3,Information Technology,Information Technology,,79000.0,222000.0,
Research Scientist,GNS Healthcare 1.9,Biotechnology,Biotechnology,,57000.0,118000.0,
Data Scientist,Peraton 3.3,Aerospace & Defense,Aerospace & Defense,,83000.0,137000.0,
Data Scientist,Pactera 4.4,Information Technology,Information Technology,,86000.0,141000.0,
Data Scientist,Nurx 3.9,Health Care Services & Hospitals,Healthcare,,94000.0,154000.0,
Jr. Business Data Analyst,webfx.com 4.7,Business Services,Business,,37000.0,76000.0,
Data Scientist,Johns Hopkins University Applied Physics Laboratory 4.5,Aerospace & Defense,Aerospace & Defense,,100000.0,160000.0,
Data Analyst,Productive Edge 4.3,Information Technology,Information Technology,,55000.0,100000.0,
Data Engineer,Excella Consulting 4.0,Business Services,Business,,60000.0,114000.0,
Data Analyst,Gensco 4.4,Business Services,Business,,39000.0,68000.0,
Data Scientist,goTRG 4.2,Information Technology,Information Technology,,64000.0,107000.0,
Data Management Specialist,NMR Consulting 4.5,Information Technology,Information Technology,,31000.0,65000.0,
E-Commerce Data Analyst,iSeatz 3.5,Information Technology,Information Technology,,34000.0,62000.0,
Sr. Scientist II,Nektar Therapeutics 3.5,Biotechnology,Biotechnology,,117000.0,231000.0,
Insurance Data Scientist,TransUnion 3.9,Finance,Finance,,64000.0,106000.0,
Data Modeler,IT Concepts 4.7,Information Technology,Information Technology,,79000.0,134000.0,
Data Analyst / Scientist,Scientific Research Corporation 4.2,Information Technology,Information Technology,,52000.0,93000.0,
Scientist,General Dynamics Information Technology 3.4,Information Technology,Information Technology,,55000.0,116000.0,
Data Scientist,MITRE 3.2,Federal Agencies,Government,,72000.0,123000.0,
Data Scientist,The Buffalo Group 3.9,Information Technology,Information Technology,,74000.0,124000.0,
Data Analyst,DentaQuest 3.1,Insurance,Insurance,,40000.0,73000.0,
Lead Data Scientist,Redjack 4.1,Information Technology,Information Technology,,102000.0,164000.0,
Data Scientist,7Park Data 3.8,Business Services,Business,,89000.0,153000.0,
Data Scientist,Rapid Response Monitoring 4.7,Security Services,Business,,61000.0,110000.0,
"Data Scientist, Rice University",Trilogy Ed 4.3,Education,Education,,65000.0,110000.0,
Senior Data Scientist,Gallup 4.2,Business Services,Business,,200000.0,275000.0,
Data Engineer,CapTech 3.9,Information Technology,Information Technology,,68000.0,123000.0,
Senior Data Scientist,American Axle & Manufacturing 3.3,Manufacturing,Manufacturing,,80000.0,129000.0,
Financial Data Analyst,CentralReach 4.7,Information Technology,Information Technology,,41000.0,72000.0,
Senior Data Analyst,Integrate 4.3,Information Technology,Information Technology,,39000.0,71000.0,
Research Scientist,Boys Town Hospital 2.9,Health Care Services & Hospitals,Healthcare,,38000.0,85000.0,
Data Scientist,Demandbase 4.5,Information Technology,Information Technology,,121000.0,193000.0,
Data Engineer,Sapphire Digital 3.4,Information Technology,Information Technology,,54000.0,102000.0,
Data Scientist,Formation 3.2,Information Technology,Information Technology,,102000.0,163000.0,
Data Engineer,Autodesk 4.0,Information Technology,Information Technology,,76000.0,140000.0,
Ag Data Scientist,Beck's Hybrids 4.6,Farm Support Services,Agriculture & Forestry,,60000.0,101000.0,
Data Scientist,DrFirst 2.8,Health Care Services & Hospitals,Healthcare,,82000.0,133000.0,
Data Engineer,Object Partners 4.7,Business Services,Business,,65000.0,125000.0,
Data Scientist II,L.A. Care Health Plan 3.0,Health Care Services & Hospitals,Healthcare,,91000.0,148000.0,
Senior Data Engineer,Red Ventures 3.2,Business Services,Business,,95000.0,173000.0,
Data Scientist,Quick Base 4.4,Information Technology,Information Technology,,77000.0,124000.0,
Data Scientist,The E.W. Scripps Company 3.5,Media,Media,,80000.0,135000.0,
Data Engineer,Upside Business Travel 4.0,Information Technology,Information Technology,,85000.0,159000.0,
Data Engineer,Equity Residential 4.3,Real Estate,Real Estate,,80000.0,105000.0,
Data Analyst,Synagro 2.3,Business Services,Business,,43000.0,81000.0,
Project Scientist,Alliance Source Testing 4.0,Business Services,Business,,29000.0,50000.0,
Data Scientist,Accuride International 3.6,Manufacturing,Manufacturing,,82000.0,133000.0,
Data Analytics Manager,Full Potential Solutions 3.8,Business Services,Business,,26000.0,55000.0,
Senior Machine Learning (ML) Engineer / Data Scientist - Cyber Security Analytics,Visa Inc. 3.7,Information Technology,Information Technology,,61000.0,118000.0,
Data Scientist,Maven Wave Partners 4.4,Business Services,Business,,60000.0,102000.0,
Senior Data Scientist,Novetta 4.0,Information Technology,Information Technology,,112000.0,182000.0,
Data Scientist,"First Command Financial Services, Inc. 3.2",Brokerage Services,Finance,,64000.0,106000.0,
Associate Scientist,Pharmavite 2.9,Consumer Products,Manufacturing,,51000.0,112000.0,
"Scientist 2, QC Viral Vector",BioMarin Pharmaceutical 3.8,Biotechnology,Biotechnology,,113000.0,223000.0,
Machine Learning Engineer,Stratagem Group 4.3,Aerospace & Defense,Aerospace & Defense,,72000.0,129000.0,
Data Scientist/ML Engineer,PA Consulting 3.4,Business Services,Business,,71000.0,123000.0,
Data Engineer,Gridiron IT 5.0,Information Technology,Information Technology,,120000.0,145000.0,
Data Engineer,Productive Edge 4.3,Information Technology,Information Technology,,80000.0,120000.0,
Sr. Data Scientist,Evolve Vacation Rental 3.7,Travel Agencies,Travel & Tourism,,80000.0,130000.0,
Data Engineer 4 - Contract,The Church of Jesus Christ of Latter-day Saints 4.2,Non-Profit,Non-Profit,,59000.0,115000.0,
Data Analyst - Asset Management,Maximus Real Estate Partners 4.3,Real Estate,Real Estate,,71000.0,136000.0,
Senior Research Scientist - Embedded System Development for DevOps,Software Engineering Institute 2.6,Education,Education,,81000.0,167000.0,
Data Scientist - Bioinformatics,PNNL 3.8,Energy,Energy,,49000.0,85000.0,
Data Engineer,AVANADE 3.9,Information Technology,Information Technology,,60000.0,114000.0,
Customer Data Scientist/Sales Engineer,h2o.ai 4.3,Information Technology,Information Technology,,71000.0,204000.0,
Lead Data Scientist,PatientPoint 3.8,Business Services,Business,,75000.0,125000.0,
MongoDB Data Engineer II,BlueCross BlueShield of Tennessee 3.8,Insurance,Insurance,,77000.0,136000.0,
Senior Data Scientist Statistics,PNNL 3.8,Energy,Energy,,74000.0,123000.0,
Senior Data Analyst,KnowBe4 4.8,Security Services,Business,,44000.0,78000.0,
Senior Spark Engineer (Data Science),KSM Consulting 4.4,Business Services,Business,,65000.0,148000.0,
Data Engineer,Cogo Labs 3.9,Information Technology,Information Technology,,59000.0,110000.0,
BI & Platform Analytics Manager,Church & Dwight 3.4,Consumer Products,Manufacturing,,85000.0,134000.0,
Lead Data Scientist,MassMutual 3.6,Insurance,Insurance,,124000.0,204000.0,
"Sr. Data Scientist - Analytics, Personalized Healthcare (PHC)",Genentech 3.9,Biotechnology,Biotechnology,,131000.0,207000.0,
Senior Data Scientist,Juniper Networks 3.8,Telecommunications,Telecommunications,,110000.0,174000.0,
Pricipal Scientist Molecular and cellular biologist,Takeda Pharmaceuticals 3.7,Biotechnology,Biotechnology,,52000.0,101000.0,
"Data Scientist (Actuary, FSA or ASA)",Legal & General America 3.8,Insurance,Insurance,,81000.0,133000.0,
Staff Data Scientist,Western Digital 3.5,Information Technology,Information Technology,,132000.0,211000.0,
Data Engineer 5 - Contract (Remote),The Church of Jesus Christ of Latter-day Saints 4.2,Non-Profit,Non-Profit,,74000.0,140000.0,
Senior Scientist - Neuroscience,Sunovion 3.5,Biotechnology,Biotechnology,,100000.0,190000.0,
Senior Data Analyst,National Student Clearinghouse 2.9,Education,Education,,43000.0,80000.0,
Medical Lab Scientist,Tower Health 3.6,Health Care Services & Hospitals,Healthcare,,35360.0,49920.0,
"Risk and Analytics IT, Data Scientist",State of Wisconsin Investment Board 2.7,Finance,Finance,,91000.0,149000.0,
"Scientist, Analytical Development",Rubius Therapeutics 4.4,Biotechnology,Biotechnology,,42000.0,82000.0,
Senior Data Scientist,Autodesk 4.0,Information Technology,Information Technology,,116000.0,185000.0,
Analytics Manager,OneMagnify 4.3,Business Services,Business,,59000.0,116000.0,
Data Engineer,IZEA 4.2,Business Services,Business,,48000.0,95000.0,
Digital Marketing & ECommerce Data Analyst,Vionic Group 3.6,"Department, Clothing, & Shoe Stores",Retail,,31000.0,72000.0,
Sr. Scientist - Digital & Image Analysis/Computational Pathology,Takeda Pharmaceuticals 3.7,Biotechnology,Biotechnology,,105000.0,198000.0,
Senior Data Analyst,Dodge Data & Analytics 2.8,Information Technology,Information Technology,,55000.0,100000.0,
Principal Scientist - Immunologist,Takeda Pharmaceuticals 3.7,Biotechnology,Biotechnology,,98000.0,182000.0,
Senior Data Scientist,Plymouth Rock Assurance 3.3,Insurance,Insurance,,73000.0,124000.0,
Principal Data Scientist with over 10 years experience,CA-One Tech Cloud,Information Technology,Information Technology,,200000.0,250000.0,
MED TECH/LAB SCIENTIST - LABORATORY,Beebe Healthcare 3.6,Health Care Services & Hospitals,Healthcare,,43680.0,70720.0,
"Sr. Scientist, Quantitative Translational Sciences",Takeda Pharmaceuticals 3.7,Biotechnology,Biotechnology,,117000.0,206000.0,
Sr. Data Scientist II,Argo Group US 3.4,Insurance,Insurance,,111000.0,183000.0,
Excel / VBA / SQL Data Analyst,Associated Electric Cooperative 4.1,Energy,Energy,,44000.0,78000.0,
Machine Learning Research Scientist,Software Engineering Institute 2.6,Education,Education,,81000.0,159000.0,
"VP, Data Science",PennyMac 3.2,Lending,Finance,,83000.0,166000.0,
Senior Data Scientist,Zest AI 3.9,Finance,Finance,,114000.0,182000.0,
Radar Data Analyst,DECISIVE ANALYTICS Corporation 4.7,Aerospace & Defense,Aerospace & Defense,,42000.0,76000.0,
PL Actuarial-Lead Data Scientist,The Hanover Insurance Group 3.7,Insurance,Insurance,,114000.0,179000.0,
PV Scientist,Karyopharm Therapeutics Inc. 2.9,Biotechnology,Biotechnology,,60000.0,123000.0,
Senior Data & Machine Learning Scientist,Tempus Labs 3.0,Biotechnology,Biotechnology,,100000.0,166000.0,
Principal Data Scientist (Computational Chemistry),Recursion Pharmaceuticals 4.7,Biotechnology,Biotechnology,,108000.0,173000.0,
Data Engineer,P2 Energy Solutions 3.7,Information Technology,Information Technology,,48000.0,93000.0,
"Principal Scientist, Chemistry & Immunology",Rochester Regional Health 3.3,Health Care Services & Hospitals,Healthcare,,54000.0,115000.0,
Software Engineer - Data Visualization,ClearEdge 4.0,Information Technology,Information Technology,,60000.0,127000.0,
"Scientist/Senior Scientist, Autoimmune",Rubius Therapeutics 4.4,Biotechnology,Biotechnology,,90000.0,179000.0,
Staff Machine Learning Engineer,Tapjoy 3.9,Information Technology,Information Technology,,138000.0,224000.0,
"Principal Scientist, Hematology",Rochester Regional Health 3.3,Health Care Services & Hospitals,Healthcare,,54000.0,115000.0,
Lead Data Engineer,Credit Sesame 4.1,Information Technology,Information Technology,,190000.0,220000.0,
Marketing Data Analyst,San Manuel Casino 3.6,Gambling,"Arts, Entertainment & Recreation",,35000.0,62000.0,
Medical Laboratory Scientist,Texas Health Huguley Hospital 4.0,Health Care Services & Hospitals,Healthcare,,37440.0,52000.0,
R&D Specialist/ Food Scientist,Teasdale Latin Foods 2.4,Manufacturing,Manufacturing,,39000.0,66000.0,
Senior Research Scientist-Machine Learning,Software Engineering Institute 2.6,Education,Education,,81000.0,167000.0,
Analytics Manager - Data Mart,Central California Alliance for Health 3.5,Health Care Services & Hospitals,Healthcare,,42000.0,86000.0,
Sr. Data Engineer - Contract-to-Hire (Java),Pilot Flying J Travel Centers LLC 3.0,Gas Stations,Retail,,69000.0,127000.0,
MED TECH/LAB SCIENTIST- SOUTH COASTAL LAB,Beebe Healthcare 3.6,Health Care Services & Hospitals,Healthcare,,43680.0,70720.0,
Food Scientist - Developer,Palermo's Pizza 3.3,Manufacturing,Manufacturing,,40000.0,68000.0,
Staff Scientist-Downstream Process Development,Advanced BioScience Laboratories 2.7,Biotechnology,Biotechnology,,49000.0,113000.0,
Sr. Data Engineer,Echo Global Logistics 3.4,Transportation & Logistics,Transportation & Logistics,,75000.0,140000.0,
Data Scientist,Lockheed Martin 3.7,Aerospace & Defense,Aerospace & Defense,,66000.0,112000.0,
Senior Research Statistician- Data Scientist,Acuity Insurance 4.8,Insurance,Insurance,,76000.0,125000.0,
"Business Data Analyst, SQL",Fareportal 3.8,Travel Agencies,Travel & Tourism,,44000.0,86000.0,
Medical Technologist / Clinical Laboratory Scientist,"Veterans Affairs, Veterans Health Administration 3.4",Federal Agencies,Government,,31200.0,52000.0,
Data Scientist,Credera 4.3,Business Services,Business,,53000.0,92000.0,
Data Scientist,Spectrum Communications and Consulting 3.4,Business Services,Business,,64000.0,111000.0,
Data Analyst,NCSOFT 3.1,Media,Media,,65000.0,120000.0,
Associate Data Scientist/Computer Scientist,MITRE 3.2,Federal Agencies,Government,,60000.0,103000.0,
Business Intelligence Analyst / Developer,"Dayton Freight Lines, Inc. 4.3",Trucking,Transportation & Logistics,,53000.0,105000.0,
Data Analyst,Community Action Partnership of San Luis Obispo 2.8,Non-Profit,Non-Profit,,33000.0,62000.0,
Data Analyst,TrueAccord 3.4,Information Technology,Information Technology,,48000.0,90000.0,
Data Analyst,DRB Systems 4.0,Information Technology,Information Technology,,34000.0,64000.0,
System and Data Analyst,Corcentric 3.7,Information Technology,Information Technology,,42000.0,76000.0,
Data Scientist,U.Group 3.5,Information Technology,Information Technology,,66000.0,111000.0,
Data & Analytics Consultant (NYC),Systems Evolution Inc. 4.7,Business Services,Business,,91000.0,138000.0,
Data Engineer,Eventbrite 4.4,Information Technology,Information Technology,,62000.0,114000.0,
Big Data Engineer - Chicago - Future Opportunity,Centro 4.1,Information Technology,Information Technology,,71000.0,129000.0,
Data Scientist,comScore 2.5,Business Services,Business,,74000.0,119000.0,
Survey Data Analyst,SullivanCotter 4.2,Business Services,Business,,55000.0,97000.0,
Data Scientist,NPD 3.9,Business Services,Business,,15000.0,16000.0,
Data Scientist,Bakery Agency 4.3,Business Services,Business,,61000.0,106000.0,
Data Scientist,Genentech 3.9,Biotechnology,Biotechnology,,127000.0,199000.0,
Lead Health Data Analyst - Front End,Blue Cross & Blue Shield of Rhode Island 3.4,Insurance,Insurance,,74000.0,126000.0,
Research Scientist,Boys Town 3.8,Non-Profit,Non-Profit,,33000.0,72000.0,
Junior Data Analyst,The HSC Health Care System 3.3,Health Care Services & Hospitals,Healthcare,,37000.0,63000.0,
SQL Data Engineer,Pro-Sphere Tek 3.4,Business Services,Business,,67000.0,119000.0,
Data Scientist,Ameritas Life Insurance Corp 3.0,Insurance,Insurance,,72000.0,117000.0,
Data Scientist,Genworth 3.7,Insurance,Insurance,,78000.0,126000.0,
"Sr. Data Scientist, Cyber-Security LT Contract","Numeric, LLC 3.2",Business Services,Business,,116000.0,194000.0,
Data Scientist,Trace Data 3.9,Insurance,Insurance,,83000.0,133000.0,
Insurance Financial Data Analyst,Clearwater Analytics 4.2,Finance,Finance,,45000.0,82000.0,
Data Scientist,"Tekvalley, Corp. 4.0",Information Technology,Information Technology,,83000.0,135000.0,
Data Scientist,BWX Technologies 3.5,Aerospace & Defense,Aerospace & Defense,,70000.0,122000.0,
Data Engineer,PennyMac 3.2,Lending,Finance,,70000.0,132000.0,
Data Engineer I - Azure,Vermeer 3.9,Manufacturing,Manufacturing,,54000.0,101000.0,
Data Scientist,L&T Infotech 3.5,Information Technology,Information Technology,,68000.0,112000.0,
Information Security Data Analyst,OceanFirst Financial 4.3,Finance,Finance,,42000.0,74000.0,
Data Scientist,Sotheby's 3.6,Auctions & Galleries,Retail,,95000.0,161000.0,
Data Scientist,Vanda Pharmaceuticals 2.3,Biotechnology,Biotechnology,,76000.0,126000.0,
"Data Scientist, Senior",Novetta 4.0,Information Technology,Information Technology,,108000.0,176000.0,
Senior Data Scientist,CK-12 Foundation 4.1,K-12 Education,Education,,130000.0,208000.0,
CONSULTANT– DATA ANALYTICS GROUP,Opinion Dynamics 4.2,Business Services,Business,,37000.0,68000.0,
Data Engineer,Applied Information Sciences 4.6,Information Technology,Information Technology,,52000.0,99000.0,
Senior Data Scientist,Swiss Re 3.7,Insurance,Insurance,,105000.0,173000.0,
"Data Engineer, Data Engineering and Artifical Intelligence",Takeda Pharmaceuticals 3.7,Biotechnology,Biotechnology,,71000.0,134000.0,
Staff Scientist,WK Dickson 4.4,Business Services,Business,,39000.0,82000.0,
"Associate Scientist/Scientist, Process Analytical Technology - Small Molecule Analytical Chemistry",Genentech 3.9,Biotechnology,Biotechnology,,88000.0,162000.0,
Sr. Data Analyst,MassMutual 3.6,Insurance,Insurance,,60000.0,102000.0,
Program/Data Analyst,General Dynamics Information Technology 3.4,Information Technology,Information Technology,,55000.0,99000.0,
Data Engineer,ManTech 4.1,Business Services,Business,,67000.0,117000.0,
Senior Data Scientist: Causal & Predictive analytics AI Innovation Lab,Novartis 3.8,Biotechnology,Biotechnology,,92000.0,150000.0,
"Principal Data Engineer, Data Platform & Insights",Autodesk 4.0,Information Technology,Information Technology,,116000.0,209000.0,
RESEARCH SCIENTIST - BIOLOGICAL SAFETY,Southwest Research Institute 3.9,Business Services,Business,,38000.0,82000.0,
Big Data Engineer,SpringML 4.4,Information Technology,Information Technology,,62000.0,119000.0,
Senior Data Scientist,The Integer Group 2.2,Business Services,Business,,84000.0,136000.0,
Clinical Data Analyst,ManTech 4.1,Business Services,Business,,52000.0,89000.0,
Computational Chemist/Data Scientist,PNNL 3.8,Energy,Energy,,56000.0,97000.0,
Data Engineer,MassMutual 3.6,Insurance,Insurance,,65000.0,119000.0,
Product Engineer – Data Science,Esri 3.5,Information Technology,Information Technology,,63000.0,101000.0,
Data Scientist,Samba TV 3.3,Business Services,Business,,127000.0,202000.0,
Market Data Analyst,SV Microwave 3.4,Telecommunications Manufacturing,Telecommunications,,31000.0,57000.0,
Data Engineer,SpringML 4.4,Information Technology,Information Technology,,75000.0,143000.0,
Staff Data Engineer,Sumo Logic 3.8,Information Technology,Information Technology,,105000.0,194000.0,
Associate Data Engineer,EAB 3.5,Business Services,Business,,45000.0,86000.0,
Senior Data Scientist,Brighthouse Financial 3.5,Insurance,Insurance,,95000.0,154000.0,
Staff BI and Data Engineer,Affinity Solutions 2.9,Business Services,Business,,80000.0,148000.0,
Marketing Data Analyst,Citadel Federal Credit Union 3.9,Finance,Finance,,36000.0,62000.0,
Data Analyst,CALIBRE Systems 3.7,Information Technology,Information Technology,,50000.0,92000.0,
"Director - Data, Privacy and AI Governance",MassMutual 3.6,Insurance,Insurance,,67000.0,135000.0,
Information Security Data Analyst,Motorola Solutions 3.7,Information Technology,Information Technology,,42000.0,80000.0,
Scientist Manufacturing - Kentucky BioProcessing,Reynolds American 3.1,Consumer Products,Manufacturing,,68000.0,139000.0,
Data Analytics Project Manager,MassMutual 3.6,Insurance,Insurance,,34000.0,92000.0,
Consultant - Analytics Consulting,Infosys 3.0,Information Technology,Information Technology,,54000.0,71000.0,
Data Engineer,Alignment Healthcare 3.5,Health Care Services & Hospitals,Healthcare,,65000.0,124000.0,
Senior Scientist (Neuroscience),Sunovion 3.5,Biotechnology,Biotechnology,,109000.0,200000.0,
Machine Learning Engineer - Regulatory,Cboe Global Markets 3.7,Stock Exchanges,Finance,,61000.0,113000.0,
Data Engineer,Guidepoint 3.2,Business Services,Business,,43000.0,86000.0,
"Scientist, Bacteriology",Cerus Corporation 2.1,Biotechnology,Biotechnology,,74000.0,149000.0,
"Associate Director, Platform and DevOps- Data Engineering and Aritifical Intelligence",Takeda Pharmaceuticals 3.7,Biotechnology,Biotechnology,,113000.0,196000.0,
Senior Data Scientist,Maven Wave Partners 4.4,Business Services,Business,,97000.0,160000.0,
Clinical Laboratory Scientist,Vail Health 3.7,Health Care Services & Hospitals,Healthcare,,49920.0,81120.0,
Senior Data Scientist - R&D Oncology,AstraZeneca 3.9,Biotechnology,Biotechnology,,102000.0,172000.0,
Data Engineer,Pinnacol Assurance 4.0,Insurance,Insurance,,74000.0,124000.0,
Senior Data Scientist,MathWorks 4.4,Information Technology,Information Technology,,108000.0,171000.0,
Data Engineer,MetroStar Systems 3.4,Information Technology,Information Technology,,76000.0,142000.0,
"Director II, Data Science - GRM Actuarial",Liberty Mutual Insurance 3.3,Insurance,Insurance,,202000.0,306000.0,
"Scientist, Molecular/Cellular Biologist",Audentes Therapeutics 2.9,Biotechnology,Biotechnology,,49000.0,97000.0,
Scientist - Analytical Services,Reynolds American 3.1,Consumer Products,Manufacturing,,65000.0,134000.0,
Associate Data Analyst- Graduate Development Program,National Interstate 3.3,Insurance,Insurance,,32000.0,59000.0,
Sr. Data Engineer,Moser Consulting 4.5,Business Services,Business,,87000.0,158000.0,
Senior Insurance Data Scientist,TransUnion 3.9,Finance,Finance,,107000.0,173000.0,
Senior Data Science Systems Engineer,MITRE 3.2,Federal Agencies,Government,,56000.0,99000.0,
ENVIRONMENTAL ENGINEER/SCIENTIST,Mcphail Associates 3.3,Construction,"Construction, Repair & Maintenance",,52000.0,58240.0,
Senior Scientist - Regulatory Submissions,Reynolds American 3.1,Consumer Products,Manufacturing,,80000.0,155000.0,
Scientist - Biomarker and Flow Cytometry,Crown Bioscience 2.4,Biotechnology,Biotechnology,,43000.0,98000.0,
Revenue Analytics Manager,HOVER 4.8,Information Technology,Information Technology,,45000.0,78000.0,
"Associate Scientist, LC/MS Biologics",Q2 Solutions 2.9,Biotechnology,Biotechnology,,44000.0,96000.0,
Sr. Scientist Method Development,Q2 Solutions 2.9,Biotechnology,Biotechnology,,50000.0,110000.0,
IT - Data Engineer II,Arbella Insurance 3.4,Insurance,Insurance,,61000.0,119000.0,
"Project Scientist - Auton Lab, Robotics Institute",Software Engineering Institute 2.6,Education,Education,,56000.0,91000.0,
"Enterprise Architect, Data",MassMutual 3.6,Insurance,Insurance,,101000.0,158000.0,
"Senior Manager, Epidemiologic Data Scientist",Pfizer 4.0,Biotechnology,Biotechnology,,125000.0,210000.0,
Corporate Risk Data Analyst (SQL Based) - Milwaukee or,Associated Banc-Corp 3.8,Finance,Finance,,43000.0,77000.0,
Lead Data Scientist,Zest AI 3.9,Finance,Finance,,139000.0,221000.0,
"Marketing Data Analyst, May 2020 Undergrad",Fareportal 3.8,Travel Agencies,Travel & Tourism,,44000.0,86000.0,
Senior Data Engineer,Genesys 4.3,Information Technology,Information Technology,,78000.0,147000.0,
Senior Data Analyst,Moda Operandi 1.9,"Department, Clothing, & Shoe Stores",Retail,,65000.0,110000.0,
Data Modeler - Data Solutions Engineer,Liberty Mutual Insurance 3.3,Insurance,Insurance,,37000.0,66000.0,
Associate Environmental Scientist - Wildlife Biologist,QK 4.7,Business Services,Business,,38000.0,64000.0,
"Associate, Data Science, Internal Audit",Santander 3.1,Finance,Finance,,43000.0,82000.0,
Sr Data Engineer (Sr BI Developer),Tivity Health 3.4,Health Care Services & Hospitals,Healthcare,,90000.0,110000.0,
Data Engineer,BRMi 4.4,Information Technology,Information Technology,,61000.0,109000.0,
Senior LiDAR Data Scientist,Luminar Technologies 3.9,Information Technology,Information Technology,,93000.0,151000.0,
Salesforce Analytics Consultant,"Emtec, Inc. 3.9",Information Technology,Information Technology,,52000.0,81000.0,
"Technology-Minded, Data Professional Opportunities",Veterans United Home Loans 4.7,Lending,Finance,,40000.0,101000.0,
Senior Data Engineer,Praetorian 4.7,Security Services,Business,,97000.0,180000.0,
Managing Data Scientist/ML Engineer,PA Consulting 3.4,Business Services,Business,,81000.0,134000.0,
"Scientist, Pharmacometrics",Agios Pharmaceuticals 3.8,Biotechnology,Biotechnology,,84000.0,157000.0,
Staff Scientist- Upstream PD,Advanced BioScience Laboratories 2.7,Biotechnology,Biotechnology,,49000.0,113000.0,
Scientist Manufacturing Pharma - Kentucky BioProcessing,Reynolds American 3.1,Consumer Products,Manufacturing,,68000.0,139000.0,
Lead Big Data Engineer,Glassdoor 4.0,Information Technology,Information Technology,,121000.0,203000.0,
Product Engineer – Spatial Data Science and Statistical Analysis,Esri 3.5,Information Technology,Information Technology,,52000.0,85000.0,
Sr Software Engineer (Data Scientist),Assurant 3.4,Insurance,Insurance,,81000.0,140000.0,
Sr. Data Engineer (ETL Developer),F&G 3.7,Insurance,Insurance,,83000.0,148000.0,
Senior Data Scientist Artificial Intelligence,PNNL 3.8,Energy,Energy,,60000.0,101000.0,
Analytics - Business Assurance Data Analyst,GreatAmerica Financial Services 4.6,Lending,Finance,,31000.0,55000.0,
"Associate Director/Director, Safety Scientist",Acceleron Pharma 4.4,Biotechnology,Biotechnology,,102000.0,178000.0,
Data Analyst Senior,AmeriHealth Caritas 3.0,Insurance,Insurance,,48000.0,85000.0,
Lead Data Engineer (Python),Strategic Employment Partners 4.7,Business Services,Business,,66000.0,123000.0,
Senior Data Scientist 4 Artificial Intelligence,PNNL 3.8,Energy,Energy,,92000.0,146000.0,
Medical Lab Scientist - MLT,Catholic Health Initiatives 3.2,Health Care Services & Hospitals,Healthcare,,43680.0,60320.0,
"Senior Operations Data Analyst, Call Center Operations",FLEETCOR 2.7,Financial Transaction Processing,Finance,,20800.0,35360.0,
"Director II, Data Science - GRS Predictive Analytics",Liberty Mutual Insurance 3.3,Insurance,Insurance,,150000.0,239000.0,
RESEARCH COMPUTER SCIENTIST - RESEARCH ENGINEER - SR. COMPUTER SCIENTIST - SOFTWARE DEVELOPMENT,Southwest Research Institute 3.9,Business Services,Business,,52000.0,91000.0,
Geospatial Software Developer and Data Scientist,Applied Research Laboratories 3.7,Education,Education,,82000.0,129000.0,
Senior Scientist - Toxicologist - Product Integrity (Stewardship),Reynolds American 3.1,Consumer Products,Manufacturing,,47000.0,101000.0,
Systems Engineer II - Data Analyst,Raytheon 3.7,Aerospace & Defense,Aerospace & Defense,,49000.0,76000.0,
Senior Research Analytical Scientist-Non-Targeted Analysis,RTI International 4.3,Business Services,Business,,43000.0,88000.0,
Director Data Science,TRANZACT 3.6,Business Services,Business,,124000.0,199000.0,
Sr Data Analyst - IT,United BioSource 2.1,Biotechnology,Biotechnology,,52000.0,93000.0,
Senior Data Engineer,Figure Eight 3.9,Information Technology,Information Technology,,97000.0,181000.0,
Senior Data Engineer,Tapjoy 3.9,Information Technology,Information Technology,,100000.0,173000.0,
Associate Machine Learning Engineer / Data Scientist May 2020 Undergrad,Fareportal 3.8,Travel Agencies,Travel & Tourism,,53000.0,96000.0,
Senior Scientist - Biostatistician,Reynolds American 3.1,Consumer Products,Manufacturing,,65000.0,96000.0,
Data Scientist,Royce Geospatial 5.0,Aerospace & Defense,Aerospace & Defense,,75000.0,127000.0,
Data Scientist,Citi 3.6,Finance,Finance,,94000.0,139000.0,
Principal Machine Learning Scientist,Sage Intacct 4.7,Information Technology,Information Technology,,176000.0,289000.0,
Data Scientist,Scale AI 3.5,Information Technology,Information Technology,,92000.0,149000.0,
Data Scientist,Change Healthcare 2.7,Information Technology,Information Technology,,118000.0,188000.0,
Data Scientist,MZ 3.4,Information Technology,Information Technology,,108000.0,146000.0,
Data Scientist,HG Insights 4.7,Information Technology,Information Technology,,65000.0,106000.0,
Data Scientist,"1-800-FLOWERS.COM, Inc. 2.8",Business Services,Business,,55000.0,98000.0,
Data Scientist,CBS Interactive 3.5,Media,Media,,94000.0,162000.0,
Data Engineer,"Numeric, LLC 3.2",Business Services,Business,,63000.0,120000.0,
Staff Data Engineer,Samsung Research America 3.7,Information Technology,Information Technology,,126000.0,228000.0,
Data Scientist,Systems & Technology Research 4.7,Aerospace & Defense,Aerospace & Defense,,80000.0,134000.0,
Data Scientist,Lorven Technologies Inc 4.0,Accounting,Accounting & Legal,,85000.0,142000.0,
Data Scientist,CareDx 2.5,Biotechnology,Biotechnology,,111000.0,176000.0,
Data Scientist,Serigor Inc. 3.9,Information Technology,Information Technology,,87000.0,140000.0,
Data Scientist,Leidos 3.4,Aerospace & Defense,Aerospace & Defense,,76000.0,127000.0,
"Data Analyst, Performance Partnership",Beckman Coulter Diagnostics 3.6,Health Care Products Manufacturing,Manufacturing,,54000.0,92000.0,
Data Scientist,IHS Markit 3.5,Business Services,Business,,61000.0,100000.0,
Data Scientist,e-IT Professionals Corp. 3.5,"Health, Beauty, & Fitness",Consumer Services,,108000.0,171000.0,
Data Scientist,TechProjects 4.8,Information Technology,Information Technology,,112000.0,179000.0,
Data Scientist,Biz2Credit Inc 4.0,Lending,Finance,,63000.0,111000.0,
Data Scientist,PeoplesBank 4.2,Finance,Finance,,75000.0,126000.0,
Data Scientist Manager,Capgemini 3.8,Information Technology,Information Technology,,110000.0,184000.0,
Data Engineer,GNY Insurance Companies 3.7,Insurance,Insurance,,76000.0,145000.0,
Data Scientist,"Conch Technologies, Inc 4.6",Business Services,Business,,70000.0,118000.0,
Senior Data Scientist,Medidata Solutions 4.3,Information Technology,Information Technology,,94000.0,153000.0,
Software Data Engineer - College,HP Inc. 4.0,Information Technology,Information Technology,,49000.0,97000.0,
Senior Data Scientist - Algorithms,Quartet Health 3.9,Information Technology,Information Technology,,150000.0,180000.0,
Data Analyst,Success Academy Charter Schools 3.1,K-12 Education,Education,,42000.0,77000.0,
Data Analyst,AXION Healthcare Solutions 3.6,Health Care Services & Hospitals,Healthcare,,47000.0,85000.0,
Data Scientist,ExecOnline 4.2,Education,Education,,56000.0,95000.0,
Machine Learning Engineer,Mteq 4.0,Aerospace & Defense,Aerospace & Defense,,62000.0,112000.0,
Senior Data Scientist Oncology,AstraZeneca 3.9,Biotechnology,Biotechnology,,107000.0,173000.0,
Data Scientist,Brillient 3.7,Information Technology,Information Technology,,64000.0,108000.0,
Senior Data Scientist,Entefy 4.4,Information Technology,Information Technology,,89000.0,144000.0,
Data Engineer,Trace3 3.4,Information Technology,Information Technology,,55000.0,105000.0,
Principal Data Scientist,Northrop Grumman 3.7,Aerospace & Defense,Aerospace & Defense,,135000.0,211000.0,
Data Engineer,Saama Technologies Inc 3.5,Biotechnology,Biotechnology,,57000.0,80000.0,
Data Scientist - Alpha Insights,Two Sigma 4.4,Finance,Finance,,129000.0,215000.0,
"Associate Principal Scientist, Pharmacogenomics",AstraZeneca 3.9,Biotechnology,Biotechnology,,63000.0,127000.0,
Data Scientist - Systems Engineering,MITRE 3.2,Federal Agencies,Government,,50000.0,89000.0,
Data Scientist,Strategic Financial Solutions 4.0,Consumer Product Rental,Consumer Services,,71000.0,124000.0,
Data Scientist,"Remedy BPCI Partners, LLC. 3.4",Health Care Services & Hospitals,Healthcare,,69000.0,121000.0,
Principal Data Scientist,The Climate Corporation 3.2,Information Technology,Information Technology,,150000.0,238000.0,
Data Scientist,Crossix Solutions 3.5,Business Services,Business,,77000.0,132000.0,
Data Engineer - Consultant (Charlotte Based),Clarity Insights 4.2,Information Technology,Information Technology,,59000.0,112000.0,
"Data Analyst 1, full-time contract worker for up to 12 months",The Church of Jesus Christ of Latter-day Saints 4.2,Non-Profit,Non-Profit,,35000.0,65000.0,
Data Engineer,NCSOFT 3.1,Media,Media,,79000.0,147000.0,
"Scientist, Immuno-Oncology",GSK 3.9,Biotechnology,Biotechnology,,62000.0,119000.0,
Senior Data Scientist,Factual 4.3,Information Technology,Information Technology,,119000.0,187000.0,
Products Data Analyst II,TriNet 3.3,Business Services,Business,,90000.0,157000.0,
Lead Data Analyst,Signpost 3.9,Information Technology,Information Technology,,32000.0,62000.0,
Data Science Engineer - Mobile,Adobe 4.0,Information Technology,Information Technology,,116000.0,208000.0,
Senior Data Scientist,Sartorius 3.5,Biotechnology,Biotechnology,,102000.0,165000.0,
Senior Data Engineer,Equian LLC 3.2,Health Care Services & Hospitals,Healthcare,,76000.0,142000.0,
Machine Learning Engineer,Information Builders 3.2,Information Technology,Information Technology,,91000.0,159000.0,
"Sr Expert Data Science, Advanced Visual Analytics (Associate level)",Novartis 3.8,Biotechnology,Biotechnology,,80000.0,133000.0,
IT Associate Data Analyst,The Hanover Insurance Group 3.7,Insurance,Insurance,,39000.0,69000.0,
Clinical Data Analyst,Greenway Health 3.0,Information Technology,Information Technology,,27000.0,48000.0,
Business Data Analyst,Fareportal 3.8,Travel Agencies,Travel & Tourism,,36000.0,71000.0,
Data Scientist - Sales,Confluent 4.7,Information Technology,Information Technology,,130000.0,206000.0,
Senior Data Analyst,Life360 3.9,Information Technology,Information Technology,,99000.0,178000.0,
"Principal, Data Science - Advanced Analytics",IQVIA 3.6,Biotechnology,Biotechnology,,86000.0,137000.0,
Data Science Project Manager,MassMutual 3.6,Insurance,Insurance,,37000.0,100000.0,
"Sr Scientist, Immuno-Oncology - Oncology",GSK 3.9,Biotechnology,Biotechnology,,58000.0,111000.0,
Senior Data Engineer,Eventbrite 4.4,Information Technology,Information Technology,,72000.0,133000.0,
Research Scientist – Security and Privacy,Riverside Research Institute 3.6,Federal Agencies,Government,,61000.0,126000.0,
Data Science Manager,"Numeric, LLC 3.2",Business Services,Business,,95000.0,160000.0,
Data Analyst 2 (Missionary Department),The Church of Jesus Christ of Latter-day Saints 4.2,Non-Profit,Non-Profit,,53000.0,91000.0,
Supply Chain Data Analyst,Icon Health and Fitness 3.1,Consumer Products,Manufacturing,,33000.0,61000.0,
Data Engineer - ETL,Shipt 3.8,Consumer Product Rental,Consumer Services,,44000.0,86000.0,
Senior Data Analyst,Novetta 4.0,Information Technology,Information Technology,,69000.0,119000.0,
Senior Data Engineer,Novetta 4.0,Information Technology,Information Technology,,67000.0,127000.0,
Data Modeler (Analytical Systems),MassMutual 3.6,Insurance,Insurance,,66000.0,117000.0,
Data Scientist in Translational Medicine,Novartis 3.8,Biotechnology,Biotechnology,,86000.0,143000.0,
Product Manager/Data Evangelist,"Numeric, LLC 3.2",Business Services,Business,,50000.0,98000.0,
"Senior Data Scientist – Visualization, Novartis AI Innovation Lab",Novartis 3.8,Biotechnology,Biotechnology,,92000.0,150000.0,
Senior Data Analyst/Scientist,Demandbase 4.5,Information Technology,Information Technology,,90000.0,153000.0,
Data Engineer,IntraEdge 3.4,Information Technology,Information Technology,,42000.0,79000.0,
Big Data Engineer,Peraton 3.3,Aerospace & Defense,Aerospace & Defense,,84000.0,153000.0,
Data Engineering Analyst,COUNTRY Financial 3.8,Insurance,Insurance,,44000.0,73000.0,
Manager of Data Science,Tapjoy 3.9,Information Technology,Information Technology,,40000.0,87000.0,
Software Engineer (Data Scientist/Software Engineer) - SISW - MG,Mentor Graphics 4.1,Information Technology,Information Technology,,72000.0,142000.0,
Data Engineer,Maxar Technologies 3.7,Aerospace & Defense,Aerospace & Defense,,74000.0,137000.0,
Data Engineer,ICW Group 2.8,Insurance,Insurance,,57000.0,109000.0,
Associate Research Scientist I (Protein Expression and Production),Exelixis 3.0,Biotechnology,Biotechnology,,59000.0,116000.0,
"Director, Precision Medicine Clinical Biomarker Scientist",Pfizer 4.0,Biotechnology,Biotechnology,,136000.0,208000.0,
Senior Formulations Scientist II,Exelixis 3.0,Biotechnology,Biotechnology,,71000.0,129000.0,
Data Science Manager,Grand Rounds 4.2,Health Care Services & Hospitals,Healthcare,,171000.0,272000.0,
Data Engineer,"SPINS, LLC 3.5",Business Services,Business,,65000.0,126000.0,
Senior Quantitative Analyst,DTCC 3.3,Brokerage Services,Finance,,118000.0,228000.0,
Principal Data Scientist,AstraZeneca 3.9,Biotechnology,Biotechnology,,113000.0,182000.0,
Data Engineer,Carilion Clinic 3.7,Health Care Services & Hospitals,Healthcare,,58000.0,104000.0,
Sr. Data Analyst,DoubleVerify 3.2,Information Technology,Information Technology,,58000.0,108000.0,
Research Scientist or Senior Research Scientist - Computer Vision,Mitsubishi Electric Research Labs 4.6,Business Services,Business,,81000.0,161000.0,
Data Analyst Chemist - Quality System Contractor,"Rodan and Fields, LLC 2.2",Beauty & Personal Accessories Stores,Retail,,61000.0,110000.0,
Research Scientist / Principal Research Scientist - Multiphysical Systems,Mitsubishi Electric Research Labs 4.6,Business Services,Business,,115000.0,220000.0,
"Research Scientist, Machine Learning Department",Software Engineering Institute 2.6,Education,Education,,71000.0,144000.0,
Foundational Community Supports Data Analyst,DESC 3.4,Non-Profit,Non-Profit,,32000.0,57000.0,
"Senior Health Data Analyst, Star Ratings",Johns Hopkins Health Care 3.3,Health Care Services & Hospitals,Healthcare,,79000.0,136000.0,
Sr. Data Analyst,Community Behavioral Health 3.7,Health Care Services & Hospitals,Healthcare,,50000.0,89000.0,
"Senior Engineer, Data Management Engineering",Western Digital 3.5,Information Technology,Information Technology,,68000.0,129000.0,
Quality Control Scientist III- Analytical Development,Advanced BioScience Laboratories 2.7,Biotechnology,Biotechnology,,48000.0,113000.0,
"Clinical Scientist, Clinical Development",FORMA THERAPEUTICS 3.8,Biotechnology,Biotechnology,,56160.0,97760.0,
Software Engineer Staff Scientist: Human Language Technologies,Raytheon 3.7,Aerospace & Defense,Aerospace & Defense,,74000.0,124000.0,
"Manager, Safety Scientist, Medical Safety & Risk Management",Agios Pharmaceuticals 3.8,Biotechnology,Biotechnology,,68000.0,125000.0,
"Assistant Director/Director, Office of Data Science",Liberty Mutual Insurance 3.3,Insurance,Insurance,,39000.0,67000.0,
Sr. Data Engineer | Big Data SaaS Pipeline,Bridg 2.7,Information Technology,Information Technology,,71000.0,135000.0,
Scientist - CVRM Metabolism - in vivo pharmacology,AstraZeneca 3.9,Biotechnology,Biotechnology,,61000.0,123000.0,
Data Scientist,TRANZACT 3.6,Business Services,Business,,87000.0,141000.0,
Data Scientist,Charter Spectrum 3.5,K-12 Education,Education,,71000.0,121000.0,
Data Scientist,CompQsoft 3.4,Business Services,Business,,72000.0,121000.0,
Data Scientist,Solugenix Corporation 4.3,Information Technology,Information Technology,,51000.0,88000.0,
Data Scientist,West Coast University 2.6,Education,Education,,101000.0,141000.0,
Data Scientist (Warehouse Automation),SoftBank Robotics 3.8,Consumer Products,Manufacturing,,79000.0,127000.0,
Jr. Data Scientist,MITRE 3.2,Federal Agencies,Government,,81000.0,132000.0,
Senior Data Scientist,SkySync 5.0,Information Technology,Information Technology,,120000.0,140000.0,
Data Architect / Data Modeler,Medidata Solutions 4.3,Information Technology,Information Technology,,63000.0,110000.0,
Data Scientist,"DatamanUSA, LLC 3.4",Information Technology,Information Technology,,65000.0,113000.0,
"Associate Scientist / Sr. Associate Scientist, Antibody Discovery",23andMe 4.0,Biotechnology,Biotechnology,,59000.0,125000.0,
Machine Learning Engineer (NLP),CK-12 Foundation 4.1,K-12 Education,Education,,80000.0,142000.0,
Data Engineer,Fivestars 3.9,Information Technology,Information Technology,,62000.0,113000.0,
